Workbook

Sheet Preview
A1: Proyek ini merupakan implementasi Sistem Pendukung Keputusan (SPK) menggunakan metode Simple Additive Weighting (SAW) untuk membantu proses pemilihan kandidat terbaik berdasarkan beberapa kriteria terukur.
A2: Pendekatan ini menekankan transparansi perhitungan dan kemudahan interpretasi hasil, sehingga dapat digunakan sebagai alat bantu pengambilan keputusan yang objektif.
A4: 4 Kriteria
A5: C1 = Test pengetahuan sistem informasi
A6: C2 = Praktek Instalasi Jaringan
A7: C3 = Test kepribadian
A8: C4 = Test tentang keagamaan
A10: Metode Simple Additive Weighting (SAW) bekerja dengan mengubah penilaian kualitatif menjadi kuantitatif. Dimulai dengan menentukan kriteria yang relevan beserta bobotnya sesuai tingkatannya. Selanjutnya, nilai setiap alternatif pada tiap kriteria disamaratakan dengan tahap normalisasi. Hasil tersebut dikalikan dengan bobot kriteria untuk mencerminkan prioritas dalam pengambilan keputusan. Terakhir, seluruh nilai yang telah dibobotkan dijumlah untuk memperoleh hasil akhir setiap alternatif. Alternatif dengan nilai tertinggi dianggap sebagai pilihan terbaik sesuai dengan kriteria.

Sheet Data
A1: Alternatif | B1: Kriteria
B2: C1 | C2: C2 | D2: C3 | E2: C4
B3: 0.35 | C3: 0.25 | D3: 0.25 | E3: 0.15
A4: Indra | B4: 70 | C4: 50 | D4: 80 | E4: 60
A5: Roni | B5: 50 | C5: 60 | D5: 82 | E5: 70
A6: Putri | B6: 85 | C6: 55 | D6: 80 | E6: 75
A7: Dani | B7: 82 | C7: 70 | D7: 65 | E7: 85
A8: Ratna | B8: 75 | C8: 75 | D8: 85 | E8: 74
A9: Mira | B9: 62 | C9: 50 | D9: 75 | E9: 80
A10: MAX | B10: =MAX(B4:B9) -> 85 | C10: =MAX(C4:C9) -> 75 | D10: =MAX(D4:D9) -> 85 | E10: =MAX(E4:E9) -> 85

Sheet Normalisasi data
A1: Normalisasi
A2: Indra | B2: =Data!B4/Data!$B$10 -> 0.82352941 | C2: =Data!C4/Data!$C$10 -> 0.66666667 | D2: =Data!D4/Data!$D$10 -> 0.94117647 | E2: =Data!E4/Data!$E$10 -> 0.70588235
A3: Roni | B3: =Data!B5/Data!$B$10 -> 0.58823529 | C3: =Data!C5/Data!$C$10 -> 0.8 | D3: =Data!D5/Data!$D$10 -> 0.96470588 | E3: =Data!E5/Data!$E$10 -> 0.82352941
A4: Putri | B4: =Data!B6/Data!$B$10 -> 1 | C4: =Data!C6/Data!$C$10 -> 0.73333333 | D4: =Data!D6/Data!$D$10 -> 0.94117647 | E4: =Data!E6/Data!$E$10 -> 0.88235294
A5: Dani | B5: =Data!B7/Data!$B$10 -> 0.96470588 | C5: =Data!C7/Data!$C$10 -> 0.93333333 | D5: =Data!D7/Data!$D$10 -> 0.76470588 | E5: =Data!E7/Data!$E$10 -> 1
A6: Ratna | B6: =Data!B8/Data!$B$10 -> 0.88235294 | C6: =Data!C8/Data!$C$10 -> 1 | D6: =Data!D8/Data!$D$10 -> 1 | E6: =Data!E8/Data!$E$10 -> 0.87058824
A7: Mira | B7: =Data!B9/Data!$B$10 -> 0.72941176 | C7: =Data!C9/Data!$C$10 -> 0.66666667 | D7: =Data!D9/Data!$D$10 -> 0.88235294 | E7: =Data!E9/Data!$E$10 -> 0.94117647

Sheet Hasil
A1: Alternatif | B1: Pembobotan | C1: Ranking
A2: Indra | B2: =('Normalisasi data'!B2*Data!$B$3)+('Normalisasi data'!C2*Data!$C$3)+('Normalisasi data'!D2*Data!$D$3)+('Normalisasi data'!E2*Data!$E$3) -> 0.79607843 | C2: 4
A3: Roni | B3: =('Normalisasi data'!B3*Data!$B$3)+('Normalisasi data'!C3*Data!$C$3)+('Normalisasi data'!D3*Data!$D$3)+('Normalisasi data'!E3*Data!$E$3) -> 0.77058824 | C3: 6
A4: Putri | B4: =('Normalisasi data'!B4*Data!$B$3)+('Normalisasi data'!C4*Data!$C$3)+('Normalisasi data'!D4*Data!$D$3)+('Normalisasi data'!E4*Data!$E$3) -> 0.90098039 | C4: 3
A5: Dani | B5: =('Normalisasi data'!B5*Data!$B$3)+('Normalisasi data'!C5*Data!$C$3)+('Normalisasi data'!D5*Data!$D$3)+('Normalisasi data'!E5*Data!$E$3) -> 0.91215686 | C5: 2
A6: Ratna | B6: =('Normalisasi data'!B6*Data!$B$3)+('Normalisasi data'!C6*Data!$C$3)+('Normalisasi data'!D6*Data!$D$3)+('Normalisasi data'!E6*Data!$E$3) -> 0.93941176 | C6: 1
A7: Mira | B7: =('Normalisasi data'!B7*Data!$B$3)+('Normalisasi data'!C7*Data!$C$3)+('Normalisasi data'!D7*Data!$D$3)+('Normalisasi data'!E7*Data!$E$3) -> 0.78372549 | C7: 5
