Workbook

Sheet Alternatif
A1: Alternatif | B1: IPK | C1: SKTM | D1: Prestasi | E1: Keaktifan Organisasi
B2: 0.15 | C2: 0.4 | D2: 0.3 | E2: 0.15
A3: Mahasiswa 1 | B3: 3.3 | C3: Ada | D3: Internasional | E3: Aktif
A4: Mahasiswa 2 | B4: 3.5 | C4: Ada | D4: Nasional | E4: Aktif
A5: Mahasiswa 3 | B5: 3.7 | C5: Ada | D5: Nasional | E5: Tidak
A6: Mahasiswa 4 | B6: 3.3 | C6: Ada | D6: Lokal | E6: Aktif
A7: Mahasiswa 5 | B7: 3.6 | C7: Ada | D7: Internasional | E7: Aktif

Sheet Kriteria
A1: Kriteria | B1: Range | C1: Bobot
A2: IPK | B2: <3 - 2,2 | C2: 1
B3: 3,3 - 3,5 | C3: 2
B4: >3,5 | C4: 3
A5: SKTM | B5: Ada | C5: 1
B6: Tidak ada | C6: 0
A7: Prestasi | B7: Lokal | C7: 1
B8: Nasional | C8: 2
B9: Internasional | C9: 3
A10: Organisasi | B10: Aktif | C10: 1
B11: Tidak | C11: 0

Sheet Matrix Keputusan
A1: MATRIX KEPUTUSAN
A2: Alternatif | B2: IPK | C2: SKTM | D2: Prestasi | E2: Keaktifan Organisasi
B3: 0.15 | C3: 0.4 | D3: 0.3 | E3: 0.15
A4: Mahasiswa 1 | B4: 2 | C4: 1 | D4: 3 | E4: 1
A5: Mahasiswa 2 | B5: 2 | C5: 1 | D5: 2 | E5: 1
A6: Mahasiswa 3 | B6: 3 | C6: 1 | D6: 2 | E6: 0
A7: Mahasiswa 4 | B7: 2 | C7: 1 | D7: 1 | E7: 1
A8: Mahasiswa 5 | B8: 3 | C8: 1 | D8: 3 | E8: 1
A9: Normalisasi | B9: =SQRT(($B$4^2)+($B$5^2)+($B$6^2)+($B$7^2)+($B$8^2)) -> 5.4772256 | C9: =SQRT(($C$4^2)+($C$5^2)+($C$6^2)+($C$7^2)+($C$8^2)) -> 2.236068 | D9: =SQRT(($D$4^2)+($D$5^2)+($D$6^2)+($D$7^2)+($D$8^2)) -> 5.1961524 | E9: =SQRT(($E$4^2)+($E$5^2)+($E$6^2)+($E$7^2)+($E$4^2)) -> 2

Sheet Normalisasi Matrix Keputusan
A1: NORMALISASI MATRIX KEPUTUSAN
A2: Alternatif | B2: IPK | C2: SKTM | D2: Prestasi | E2: Keaktifan Organisasi
B3: 0.15 | C3: 0.4 | D3: 0.3 | E3: 0.15
A4: Mahasiswa 1 | B4: ='Matrix Keputusan'!B4/'Matrix Keputusan'!$B$9 -> 0.36514837 | C4: ='Matrix Keputusan'!C4/'Matrix Keputusan'!$C$9 -> 0.4472136 | D4: ='Matrix Keputusan'!D4/'Matrix Keputusan'!$D$9 -> 0.57735027 | E4: ='Matrix Keputusan'!E4/'Matrix Keputusan'!$E$9 -> 0.5
A5: Mahasiswa 2 | B5: ='Matrix Keputusan'!B5/'Matrix Keputusan'!$B$9 -> 0.36514837 | C5: ='Matrix Keputusan'!C5/'Matrix Keputusan'!$C$9 -> 0.4472136 | D5: ='Matrix Keputusan'!D5/'Matrix Keputusan'!$D$9 -> 0.38490018 | E5: ='Matrix Keputusan'!E5/'Matrix Keputusan'!$E$9 -> 0.5
A6: Mahasiswa 3 | B6: ='Matrix Keputusan'!B6/'Matrix Keputusan'!$B$9 -> 0.54772256 | C6: ='Matrix Keputusan'!C6/'Matrix Keputusan'!$C$9 -> 0.4472136 | D6: ='Matrix Keputusan'!D6/'Matrix Keputusan'!$D$9 -> 0.38490018 | E6: ='Matrix Keputusan'!E6/'Matrix Keputusan'!$E$9 -> 0
A7: Mahasiswa 4 | B7: ='Matrix Keputusan'!B7/'Matrix Keputusan'!$B$9 -> 0.36514837 | C7: ='Matrix Keputusan'!C7/'Matrix Keputusan'!$C$9 -> 0.4472136 | D7: ='Matrix Keputusan'!D7/'Matrix Keputusan'!$D$9 -> 0.19245009 | E7: ='Matrix Keputusan'!E7/'Matrix Keputusan'!$E$9 -> 0.5
A8: Mahasiswa 5 | B8: ='Matrix Keputusan'!B8/'Matrix Keputusan'!$B$9 -> 0.54772256 | C8: ='Matrix Keputusan'!C8/'Matrix Keputusan'!$C$9 -> 0.4472136 | D8: ='Matrix Keputusan'!D8/'Matrix Keputusan'!$D$9 -> 0.57735027 | E8: ='Matrix Keputusan'!E8/'Matrix Keputusan'!$E$9 -> 0.5

Sheet Hasil
A1: Alternatif | B1: Hasil | C1: Ranking
A2: Mahasiswa 1 | B2: 0.48186277 | C2: 2
A3: Mahasiswa 2 | B3: 0.42412775 | C3: 3
A4: Mahasiswa 3 | B4: 0.37651388 | C4: 4
A5: Mahasiswa 4 | B5: 0.36639272 | C5: 5
A6: Mahasiswa 5 | B6: 0.5092489 | C6: 1
